state1,state2,distance_in_km
AL,AL,0.000000
AL,AK,5595.598654
AL,AZ,2306.924769
AL,AR,569.980736
AL,CA,3005.026598
AL,CO,1821.151316
AL,CT,1587.088692
AL,DE,1231.441883
AL,FL,622.384686
AL,GA,317.825183
AL,HI,6949.012825
AL,ID,2722.194795
AL,IL,833.292132
AL,IN,791.018040
AL,IA,1187.596512
AL,KS,1221.942944
AL,KY,545.571370
AL,LA,524.182810
AL,ME,2057.760459
AL,MD,1141.421481
AL,MA,1689.767761
AL,MI,1289.939177
AL,MN,1629.147498
AL,MS,266.079359
AL,MO,801.706307
AL,MT,2496.215884
AL,NE,1504.071687
AL,NV,2767.885625
AL,NH,1796.393866
AL,NJ,1362.688035
AL,NM,1796.329961
AL,NY,1501.911906
AL,NC,751.743868
AL,ND,1994.827369
AL,OH,907.735697
AL,OK,1030.761984
AL,OR,3169.681347
AL,PA,1205.480234
AL,RI,1672.670673
AL,SC,566.338993
AL,SD,1738.461649
AL,TN,344.325725
AL,TX,1187.869148
AL,UT,2343.969135
AL,VT,1755.748236
AL,VA,896.562715
AL,WA,3257.625615
AL,WV,858.803032
AL,WI,1343.130753
AL,WY,2137.780615
AK,AL,5595.598654
AK,AK,0.000000
AK,AZ,4305.427861
AK,AR,5124.105156
AK,CA,3701.329680
AK,CO,4119.587264
AK,CT,5458.296973
AK,DE,5566.542927
AK,FL,6204.769930
AK,GA,5773.491519
AK,HI,4872.403679
AK,ID,3210.905776
AK,IL,4804.024562
AK,IN,4959.705571
AK,IA,4410.565119
AK,KS,4502.510545
AK,KY,5224.283566
AK,LA,5509.521248
AK,ME,5282.925986
AK,MD,5498.391810
AK,MA,5443.810067
AK,MI,4602.946864
AK,MN,4000.858868
AK,MS,5462.162500
AK,MO,4799.998639
AK,MT,3195.724237
AK,NE,4154.812663
AK,NV,3602.480508
AK,NH,5325.768914
AK,NJ,5496.162706
AK,NM,4533.048197
AK,NY,5204.099069
AK,NC,5696.997592
AK,ND,3600.772188
AK,OH,5094.149492
AK,OK,4817.150502
AK,OR,2996.363246
AK,PA,5282.738014
AK,RI,5508.934489
AK,SC,5777.245441
AK,SD,3873.256067
AK,TN,5329.039945
AK,TX,5125.204587
AK,UT,3815.507266
AK,VT,5239.724536
AK,VA,5539.950419
AK,WA,2677.808133
AK,WV,5350.479037
AK,WI,4355.127376
AK,WY,3655.980145
AZ,AL,2306.924769
AZ,AK,4305.427861
AZ,AZ,0.000000
AZ,AR,1761.802751
AZ,CA,776.441735
AZ,CO,756.938504
AZ,CT,3486.416634
AZ,DE,3253.995191
AZ,FL,2835.634738
AZ,GA,2621.180145
AZ,HI,4647.737394
AZ,ID,1147.107251
AZ,IL,2088.846975
AZ,IN,2332.173490
AZ,IA,1806.548330
AZ,KS,1278.670633
AZ,KY,2398.691757
AZ,LA,1875.185128
AZ,ME,3784.823813
AZ,MD,3142.471529
AZ,MA,3563.618625
AZ,MI,2509.933374
AZ,MN,1980.822581
AZ,MS,2046.576657
AZ,MO,1779.233352
AZ,MT,1429.178830
AZ,NE,1316.505429
AZ,NV,714.872389
AZ,NH,3587.801501
AZ,NJ,3322.359370
AZ,NM,510.605525
AZ,NY,3262.877732
AZ,NC,2939.385373
AZ,ND,1737.133961
AZ,OH,2632.612134
AZ,OK,1301.292176
AZ,OR,1318.200752
AZ,PA,3059.020971
AZ,RI,3583.999471
AZ,SC,2828.257490
AZ,SD,1495.635635
AZ,TN,2308.846251
AZ,TX,1193.936100
AZ,UT,558.320218
AZ,VT,3503.691486
AZ,VA,2968.475871
AZ,WA,1630.990473
AZ,WV,2810.258222
AZ,WI,2180.075749
AZ,WY,1031.770390
AR,AL,569.980736
AR,AK,5124.105156
AR,AZ,1761.802751
AR,AR,0.000000
AR,CA,2440.569629
AR,CO,1251.535125
AR,CT,1874.605045
AR,DE,1573.028479
AR,FL,1173.024091
AR,GA,869.967823
AR,HI,6409.536354
AR,ID,2163.895586
AR,IL,639.325051
AR,IN,777.815182
AR,IA,802.426379
AR,KS,663.954871
AR,KY,705.510750
AR,LA,426.236849
AR,ME,2281.702514
AR,MD,1465.883374
AR,MA,1968.494200
AR,MI,1209.716563
AR,MN,1274.163909
AR,MS,351.054739
AR,MO,384.270963
AR,MT,1970.875947
AR,NE,978.229469
AR,NV,2198.386846
AR,NH,2038.968872
AR,NJ,1673.187616
AR,NM,1253.379582
AR,NY,1713.406832
AR,NC,1189.880740
AR,ND,1546.459710
AR,OH,1040.325809
AR,OK,466.167472
AR,OR,2604.827449
AR,PA,1446.638559
AR,RI,1969.923233
AR,SC,1066.510936
AR,SD,1251.801176
AR,TN,563.719358
AR,TX,745.640812
AR,UT,1774.059108
AR,VT,1975.420129
AR,VA,1255.058863
AR,WA,2707.689774
AR,WV,1133.179384
AR,WI,1100.415957
AR,WY,1584.982644
CA,AL,3005.026598
CA,AK,3701.329680
CA,AZ,776.441735
CA,AR,2440.569629
CA,CA,0.000000
CA,CO,1236.471546
CA,CT,4006.686192
CA,DE,3824.493005
CA,FL,3566.076159
CA,GA,3310.531427
CA,HI,4026.455884
CA,ID,894.868052
CA,IL,2642.842341
CA,IN,2892.399166
CA,IA,2285.431124
CA,KS,1857.962603
CA,KY,3010.297031
CA,LA,2613.228443
CA,ME,4233.790801
CA,MD,3713.759406
CA,MA,4071.487255
CA,MI,2960.093493
CA,MN,2311.096801
CA,MS,2754.467272
CA,MO,2374.944161
CA,MT,1362.658873
CA,NE,1758.748979
CA,NV,344.053501
CA,NH,4069.262819
CA,NJ,3870.529947
CA,NM,1244.905330
CA,NY,3759.340287
CA,NC,3574.643206
CA,ND,1929.114873
CA,OH,3184.609534
CA,OK,1975.144541
CA,OR,755.129897
CA,PA,3597.222578
CA,RI,4102.089444
CA,SC,3492.200814
CA,SD,1806.637251
CA,TN,2954.929593
CA,TX,1953.807096
CA,UT,721.916645
CA,VT,3978.031039
CA,VA,3570.116500
CA,WA,1135.676991
CA,WV,3394.279023
CA,WI,2600.626333
CA,WY,1202.163229
CO,AL,1821.151316
CO,AK,4119.587264
CO,AZ,756.938504
CO,AR,1251.535125
CO,CA,1236.471546
CO,CO,0.000000
CO,CT,2788.217948
CO,DE,2590.747208
CO,FL,2418.025270
CO,GA,2111.912349
CO,HI,5260.864612
CO,ID,959.938446
CO,IL,1408.816487
CO,IN,1658.204440
CO,IA,1075.610057
CO,KS,625.440423
CO,KY,1775.522086
CO,LA,1514.692285
CO,ME,3053.912243
CO,MD,2479.683376
CO,MA,2858.547663
CO,MI,1773.531655
CO,MN,1224.550528
CO,MS,1590.502285
CO,MO,1140.290328
CO,MT,954.499761
CO,NE,564.634587
CO,NV,958.012341
CO,NH,2869.490119
CO,NJ,2642.013571
CO,NM,511.863024
CO,NY,2550.626534
CO,NC,2342.987749
CO,ND,1025.268297
CO,OH,1953.027680
CO,OK,807.645394
CO,OR,1365.957258
CO,PA,2370.883918
CO,RI,2884.816918
CO,SC,2272.779266
CO,SD,749.359635
CO,TN,1731.043780
CO,TX,1007.617679
CO,UT,530.240548
CO,VT,2781.877699
CO,VA,2333.687758
CO,WA,1523.586506
CO,WV,2158.228292
CO,WI,1432.441104
CO,WY,474.925015
CT,AL,1587.088692
CT,AK,5458.296973
CT,AZ,3486.416634
CT,AR,1874.605045
CT,CA,4006.686192
CT,CO,2788.217948
CT,CT,0.000000
CT,DE,375.711477
CT,FL,1689.287119
CT,GA,1376.171247
CT,HI,8025.602847
CT,ID,3392.262244
CT,IL,1398.013017
CT,IN,1159.256181
CT,IA,1721.263802
CT,KS,2207.751077
CT,KY,1170.356444
CT,LA,2081.164954
CT,ME,502.667727
CT,MD,447.639520
CT,MA,104.041840
CT,MI,1076.534075
CT,MN,1801.301832
CT,MS,1793.619648
CT,MO,1719.622478
CT,MT,2975.482030
CT,NE,2247.941630
CT,NV,3691.383273
CT,NH,247.235518
CT,NJ,228.306697
CT,NM,3018.317021
CT,NY,274.200270
CT,NC,888.330554
CT,ND,2283.984811
CT,OH,859.883133
CT,OK,2249.796758
CT,OR,3867.556335
CT,PA,433.023081
CT,RI,97.743059
CT,SC,1116.637695
CT,SD,2252.068085
CT,TN,1343.958497
CT,TX,2620.204117
CT,UT,3284.805186
CT,VT,271.860155
CT,VA,695.624077
CT,WA,3787.577813
CT,WV,749.512200
CT,WI,1441.183246
CT,WY,2854.636219
DE,AL,1231.441883
DE,AK,5566.542927
DE,AZ,3253.995191
DE,AR,1573.028479
DE,CA,3824.493005
DE,CO,2590.747208
DE,CT,375.711477
DE,DE,0.000000
DE,FL,1315.645471
DE,GA,1004.524462
DE,HI,7850.859165
DE,ID,3278.655076
DE,IL,1181.983527
DE,IN,932.542805
DE,IA,1559.183140
DE,KS,1984.320408
DE,KY,872.045928
DE,LA,1738.669800
DE,ME,876.802639
DE,MD,111.593135
DE,MA,479.154359
DE,MI,1015.900860
DE,MN,1735.692568
DE,MS,1452.803281
DE,MO,1474.848490
DE,MT,2896.059195
DE,NE,2078.503626
DE,NV,3523.477402
DE,NH,615.693944
DE,NJ,151.304802
DE,NM,2768.480206
DE,NY,440.240720
DE,NC,513.531023
DE,ND,2222.262444
DE,OH,641.823918
DE,OK,1980.928459
DE,OR,3756.508934
DE,PA,287.094968
DE,RI,448.900991
DE,SC,741.610575
DE,SD,2135.200900
DE,TN,1020.160531
DE,TX,2315.009476
DE,UT,3105.382120
DE,VT,611.746457
DE,VA,335.322330
DE,WA,3715.223916
DE,WV,446.099999
DE,WI,1354.251292
DE,WY,2716.012086
FL,AL,622.384686
FL,AK,6204.769930
FL,AZ,2835.634738
FL,AR,1173.024091
FL,CA,3566.076159
FL,CO,2418.025270
FL,CT,1689.287119
FL,DE,1315.645471
FL,FL,0.000000
FL,GA,454.737007
FL,HI,7438.247603
FL,ID,3336.370897
FL,IL,1408.749870
FL,IN,1297.970739
FL,IA,1794.560027
FL,KS,1835.236524
FL,KY,1022.652976
FL,LA,960.941351
FL,ME,2191.800249
FL,MD,1268.647788
FL,MA,1791.085786
FL,MI,1763.750605
FL,MN,2216.349323
FL,MS,827.624189
FL,MO,1422.411488
FL,MT,3118.588047
FL,NE,2126.019461
FL,NV,3349.870083
FL,NH,1931.334165
FL,NJ,1466.724081
FL,NM,2330.849245
FL,NY,1706.464040
FL,NC,820.384563
FL,ND,2606.311486
FL,OH,1293.371156
FL,OK,1613.329040
FL,OR,3777.125406
FL,PA,1423.256094
FL,RI,1751.695517
FL,SC,604.475768
FL,SD,2358.703833
FL,TN,881.524319
FL,TX,1656.443385
FL,UT,2931.692642
FL,VT,1921.760332
FL,VA,1041.415865
FL,WA,3876.389113
FL,WV,1123.107783
FL,WI,1896.678504
FL,WY,2754.813774
GA,AL,317.825183
GA,AK,5773.491519
GA,AZ,2621.180145
GA,AR,869.967823
GA,CA,3310.531427
GA,CO,2111.912349
GA,CT,1376.171247
GA,DE,1004.524462
GA,FL,454.737007
GA,GA,0.000000
GA,HI,7265.345165
GA,ID,2989.488823
GA,IL,969.577382
GA,IN,844.116748
GA,IA,1372.497455
GA,KS,1499.255702
GA,KY,568.689964
GA,LA,827.886892
GA,ME,1867.575051
GA,MD,930.783269
GA,MA,1480.212050
GA,MI,1310.528027
GA,MN,1775.782101
GA,MS,583.807158
GA,MO,1034.056497
GA,MT,2732.421185
GA,NE,1752.612836
GA,NV,3064.956529
GA,NH,1603.443380
GA,NJ,1147.876229
GA,NM,2110.636611
GA,NY,1338.715158
GA,NC,494.380122
GA,ND,2184.207626
GA,OH,850.299618
GA,OK,1335.669560
GA,OR,3445.633274
GA,PA,1043.126407
GA,RI,1453.393957
GA,SC,276.158917
GA,SD,1956.929601
GA,TN,446.094498
GA,TX,1504.550150
GA,UT,2638.918321
GA,VT,1576.957179
GA,VA,684.072671
GA,WA,3513.159709
GA,WV,712.853042
GA,WI,1446.111221
GA,WY,2401.440826
HI,AL,6949.012825
HI,AK,4872.403679
HI,AZ,4647.737394
HI,AR,6409.536354
HI,CA,4026.455884
HI,CO,5260.864612
HI,CT,8025.602847
HI,DE,7850.859165
HI,FL,7438.247603
HI,GA,7265.345165
HI,HI,0.000000
HI,ID,4676.555509
HI,IL,6669.010521
HI,IN,6918.551806
HI,IA,6306.999658
HI,KS,5876.007359
HI,KY,7026.086094
HI,LA,6485.767678
HI,ME,8213.362152
HI,MD,7740.033845
HI,MA,8085.699630
HI,MI,6963.074009
HI,MN,6271.521847
HI,MS,6685.403190
HI,MO,6392.844518
HI,MT,5143.345479
HI,NE,5780.801001
HI,NV,4334.591873
HI,NH,8071.413963
HI,NJ,7895.900182
HI,NM,5156.990738
HI,NY,7771.575796
HI,NC,7580.777463
HI,ND,5824.948209
HI,OH,7211.028251
HI,OK,5947.656669
HI,OR,4222.775667
HI,PA,7621.846533
HI,RI,8119.783493
HI,SC,7475.941356
HI,SD,5786.565998
HI,TN,6952.311127
HI,TX,5785.995470
HI,UT,4746.771446
HI,VT,7977.472310
HI,VA,7591.070612
HI,WA,4413.711677
HI,WV,7418.767884
HI,WI,6598.157422
HI,WY,5176.763892
ID,AL,2722.194795
ID,AK,3210.905776
ID,AZ,1147.107251
ID,AR,2163.895586
ID,CA,894.868052
ID,CO,959.938446
ID,CT,3392.262244
ID,DE,3278.655076
ID,FL,3336.370897
ID,GA,2989.488823
ID,HI,4676.555509
ID,ID,0.000000
ID,IL,2143.838307
ID,IN,2381.852234
ID,IA,1729.521075
ID,KS,1501.259022
ID,KY,2565.901772
ID,LA,2465.913793
ID,ME,3539.672720
ID,MD,3173.413880
ID,MA,3441.127223
ID,MI,2316.013395
ID,MN,1602.249476
ID,MS,2513.000110
ID,MO,1962.469974
ID,MT,490.313740
ID,NE,1247.134777
ID,NV,582.382902
ID,NH,3411.061971
ID,NJ,3294.114254
ID,NM,1323.157741
ID,NY,3126.983642
ID,NC,3136.722170
ID,ND,1148.702971
ID,OH,2644.442330
ID,OK,1750.923053
ID,OR,477.855293
ID,PA,3019.286348
ID,RI,3482.161511
ID,SC,3109.763892
ID,SD,1144.734392
ID,TN,2571.665809
ID,TX,1955.135997
ID,UT,611.278306
ID,VT,3315.371907
ID,VA,3079.094692
ID,WA,564.341914
ID,WV,2886.197813
ID,WI,1951.110281
ID,WY,588.851599
IL,AL,833.292132
IL,AK,4804.024562
IL,AZ,2088.846975
IL,AR,639.325051
IL,CA,2642.842341
IL,CO,1408.816487
IL,CT,1398.013017
IL,DE,1181.983527
IL,FL,1408.749870
IL,GA,969.577382
IL,HI,6669.010521
IL,ID,2143.838307
IL,IL,0.000000
IL,IN,249.556948
IL,IA,426.082470
IL,KS,810.575193
IL,KY,438.030255
IL,LA,1027.244109
IL,ME,1733.051778
IL,MD,1071.036150
IL,MA,1477.556839
IL,MI,571.220642
IL,MN,807.697733
IL,MS,811.741056
IL,MO,338.154676
IL,MT,1818.787697
IL,NE,909.221177
IL,NV,2345.473848
IL,NH,1514.134437
IL,NJ,1236.855442
IL,NM,1622.938310
IL,NY,1184.799144
IL,NC,996.215942
IL,ND,1223.073884
IL,OH,546.004477
IL,OK,881.469409
IL,OR,2618.312799
IL,PA,970.417206
IL,RI,1495.689743
IL,SC,1003.187173
IL,SD,1032.130282
IL,TN,527.378054
IL,TX,1318.579231
IL,UT,1924.841004
IL,VT,1436.686710
IL,VA,940.583599
IL,WA,2626.799396
IL,WV,754.992320
IL,WI,513.252197
IL,WY,1563.448795
IN,AL,791.018040
IN,AK,4959.705571
IN,AZ,2332.173490
IN,AR,777.815182
IN,CA,2892.399166
IN,CO,1658.204440
IN,CT,1159.256181
IN,DE,932.542805
IN,FL,1297.970739
IN,GA,844.116748
IN,HI,6918.551806
IN,ID,2381.852234
IN,IL,249.556948
IN,IN,0.000000
IN,IA,653.378642
IN,KS,1055.860656
IN,KY,275.427660
IN,LA,1107.405508
IN,ME,1520.324333
IN,MD,821.523028
IN,MA,1242.691512
IN,MI,499.776273
IN,MN,963.485260
IN,MS,850.296458
IN,MO,560.564063
IN,MT,2040.037503
IN,NE,1155.079698
IN,NV,2594.437708
IN,NH,1290.201775
IN,NJ,990.544465
IN,NM,1859.184723
IN,NY,960.230575
IN,NC,774.976542
IN,ND,1415.276310
IN,OH,300.599298
IN,OK,1096.625305
IN,OR,2857.812959
IN,PA,728.150969
IN,RI,1256.982357
IN,SC,818.370081
IN,SD,1256.089077
IN,TN,448.034843
IN,TX,1503.122065
IN,UT,2174.261840
IN,VT,1218.058555
IN,VA,697.425393
IN,WA,2853.693778
IN,WV,507.687980
IN,WI,608.025048
IN,WY,1805.363943
IA,AL,1187.596512
IA,AK,4410.565119
IA,AZ,1806.548330
IA,AR,802.426379
IA,CA,2285.431124
IA,CO,1075.610057
IA,CT,1721.263802
IA,DE,1559.183140
IA,FL,1794.560027
IA,GA,1372.497455
IA,HI,6306.999658
IA,ID,1729.521075
IA,IL,426.082470
IA,IN,653.378642
IA,IA,0.000000
IA,KS,574.849264
IA,KY,863.351390
IA,LA,1228.651727
IA,ME,1980.381338
IA,MD,1451.307534
IA,MA,1787.381404
IA,MI,703.475593
IA,MN,471.759426
IA,MS,1090.142778
IA,MO,422.235073
IA,MT,1392.848141
IA,NE,526.730276
IA,NV,1972.632432
IA,NH,1794.081329
IA,NJ,1590.999998
IA,NM,1391.863066
IA,NY,1477.107035
IA,NC,1420.360897
IA,ND,812.531896
IA,OH,919.018131
IA,OK,799.124734
IA,OR,2206.212142
IA,PA,1315.905003
IA,RI,1816.792459
IA,SC,1427.252737
IA,SD,606.300643
IA,TN,926.582335
IA,TX,1285.606544
IA,UT,1563.541644
IA,VT,1706.267643
IA,VA,1349.866406
IA,WA,2202.574727
IA,WV,1156.714806
IA,WI,400.951118
IA,WY,1157.822757
KS,AL,1221.942944
KS,AK,4502.510545
KS,AZ,1278.670633
KS,AR,663.954871
KS,CA,1857.962603
KS,CO,625.440423
KS,CT,2207.751077
KS,DE,1984.320408
KS,FL,1835.236524
KS,GA,1499.255702
KS,HI,5876.007359
KS,ID,1501.259022
KS,IL,810.575193
KS,IN,1055.860656
KS,IA,574.849264
KS,KS,0.000000
KS,KY,1152.414917
KS,LA,1009.240334
KS,ME,2518.458009
KS,MD,1872.768637
KS,MA,2285.278293
KS,MI,1261.990301
KS,MN,927.457351
KS,MS,1014.588249
KS,MO,517.294823
KS,MT,1321.080061
KS,NE,358.916389
KS,NV,1582.990050
KS,NH,2313.150511
KS,NJ,2046.320111
KS,NM,827.852996
KS,NY,1986.455824
KS,NC,1717.919099
KS,ND,1009.319325
KS,OH,1355.620516
KS,OK,331.862420
KS,OR,1948.524841
KS,PA,1780.991370
KS,RI,2305.329203
KS,SC,1649.227096
KS,SD,678.587519
KS,TN,1106.708557
KS,TX,783.390481
KS,UT,1155.348055
KS,VT,2231.123209
KS,VA,1715.068581
KS,WA,2043.788083
KS,WV,1545.271584
KS,WI,975.232968
KS,WY,921.049628
KY,AL,545.571370
KY,AK,5224.283566
KY,AZ,2398.691757
KY,AR,705.510750
KY,CA,3010.297031
KY,CO,1775.522086
KY,CT,1170.356444
KY,DE,872.045928
KY,FL,1022.652976
KY,GA,568.689964
KY,HI,7026.086094
KY,ID,2565.901772
KY,IL,438.030255
KY,IN,275.427660
KY,IA,863.351390
KY,KS,1152.414917
KY,KY,0.000000
KY,LA,945.061224
KY,ME,1594.745721
KY,MD,763.121884
KY,MA,1265.735318
KY,MI,756.545431
KY,MN,1223.706455
KY,MS,664.405267
KY,MO,635.395418
KY,MT,2254.798385
KY,NE,1320.838126
KY,NV,2729.051236
KY,NH,1344.373385
KY,NJ,967.794913
KY,NM,1904.724017
KY,NY,1025.470213
KY,NC,573.155818
KY,ND,1658.106534
KY,OH,374.976533
KY,OK,1111.739334
KY,OR,3037.017138
KY,PA,746.397271
KY,RI,1265.119532
KY,SC,565.554748
KY,SD,1468.281783
KY,TN,208.318491
KY,TX,1450.927603
KY,UT,2302.899809
KY,VT,1287.477294
KY,VA,569.877645
KY,WA,3059.372789
KY,WV,428.422290
KY,WI,880.155494
KY,WY,1980.403826
LA,AL,524.182810
LA,AK,5509.521248
LA,AZ,1875.185128
LA,AR,426.236849
LA,CA,2613.228443
LA,CO,1514.692285
LA,CT,2081.164954
LA,DE,1738.669800
LA,FL,960.941351
LA,GA,827.886892
LA,HI,6485.767678
LA,ID,2465.913793
LA,IL,1027.244109
LA,IN,1107.405508
LA,IA,1228.651727
LA,KS,1009.240334
LA,KY,945.061224
LA,LA,0.000000
LA,ME,2531.942576
LA,MD,1642.396125
LA,MA,2181.743788
LA,MI,1582.667474
LA,MN,1700.371126
LA,MS,287.599964
LA,MO,809.564809
LA,MT,2329.450151
LA,NE,1355.081778
LA,NV,2413.432385
LA,NH,2275.899664
LA,NJ,1862.052203
LA,NM,1372.515851
LA,NY,1965.183221
LA,NC,1273.991154
LA,ND,1957.157285
LA,OH,1317.461350
LA,OK,716.188815
LA,OR,2879.721776
LA,PA,1676.620975
LA,RI,2170.734153
LA,SC,1089.337285
LA,SD,1650.096291
LA,TN,746.466309
LA,TX,699.789708
LA,UT,2005.346048
LA,VT,2225.546126
LA,VA,1403.809113
LA,WA,3023.637941
LA,WV,1335.106921
LA,WI,1514.731105
LA,WY,1908.971351
ME,AL,2057.760459
ME,AK,5282.925986
ME,AZ,3784.823813
ME,AR,2281.702514
ME,CA,4233.790801
ME,CO,3053.912243
ME,CT,502.667727
ME,DE,876.802639
ME,FL,2191.800249
ME,GA,1867.575051
ME,HI,8213.362152
ME,ID,3539.672720
ME,IL,1733.051778
ME,IN,1520.324333
ME,IA,1980.381338
ME,KS,2518.458009
ME,KY,1594.745721
ME,LA,2531.942576
ME,ME,0.000000
ME,MD,937.452693
ME,MA,402.438335
ME,MI,1280.756960
ME,MN,1942.031858
ME,MS,2245.397592
ME,MO,2069.635194
ME,MT,3087.713444
ME,NE,2493.699986
ME,NV,3904.072654
ME,NH,264.133594
ME,NJ,726.543440
ME,NM,3344.912571
ME,NY,569.591264
ME,NC,1386.121591
ME,ND,2395.565002
ME,OH,1241.402578
ME,OK,2612.310080
ME,OR,4003.620182
ME,PA,855.872211
ME,RI,450.896756
ME,SC,1614.260596
ME,SD,2433.912736
ME,TN,1785.890326
ME,TX,3020.266185
ME,UT,3518.591643
ME,VT,307.287644
ME,VA,1183.519530
ME,WA,3874.098623
ME,WV,1201.048863
ME,WI,1633.815560
ME,WY,3045.438176
MD,AL,1141.421481
MD,AK,5498.391810
MD,AZ,3142.471529
MD,AR,1465.883374
MD,CA,3713.759406
MD,CO,2479.683376
MD,CT,447.639520
MD,DE,111.593135
MD,FL,1268.647788
MD,GA,930.783269
MD,HI,7740.033845
MD,ID,3173.413880
MD,IL,1071.036150
MD,IN,821.523028
MD,IA,1451.307534
MD,KS,1872.768637
MD,KY,763.121884
MD,LA,1642.396125
MD,ME,937.452693
MD,MD,0.000000
MD,MA,551.359692
MD,MI,926.550104
MD,MN,1639.727844
MD,MS,1355.570312
MD,MO,1363.297857
MD,MT,2795.341242
MD,NE,1969.258304
MD,NV,3413.551318
MD,NH,673.417467
MD,NJ,221.289475
MD,NM,2657.350288
MD,NY,445.829603
MD,NC,451.417395
MD,ND,2125.327314
MD,OH,532.764695
MD,OK,1870.553574
MD,OR,3651.224232
MD,PA,220.001912
MD,RI,531.257158
MD,SC,678.354111
MD,SD,2030.917416
MD,TN,916.596135
MD,TX,2209.081026
MD,UT,2994.950098
MD,VT,654.373600
MD,VA,248.067113
MD,WA,3614.615451
MD,WV,335.778641
MD,WI,1256.840177
MD,WY,2608.727495
MA,AL,1689.767761
MA,AK,5443.810067
MA,AZ,3563.618625
MA,AR,1968.494200
MA,CA,4071.487255
MA,CO,2858.547663
MA,CT,104.041840
MA,DE,479.154359
MA,FL,1791.085786
MA,GA,1480.212050
MA,HI,8085.699630
MA,ID,3441.127223
MA,IL,1477.556839
MA,IN,1242.691512
MA,IA,1787.381404
MA,KS,2285.278293
MA,KY,1265.735318
MA,LA,2181.743788
MA,ME,402.438335
MA,MD,551.359692
MA,MA,0.000000
MA,MI,1126.320664
MA,MN,1844.049543
MA,MS,1894.148657
MA,MO,1803.179187
MA,MT,3016.645807
MA,NE,2313.312214
MA,NV,3753.144442
MA,NH,158.934736
MA,NJ,332.347773
MA,NM,3099.986351
MA,NY,314.699423
MA,NC,992.155443
MA,ND,2323.033875
MA,OH,945.421643
MA,OK,2336.707859
MA,OR,3914.930840
MA,PA,522.609657
MA,RI,68.085742
MA,SC,1220.432669
MA,SD,2304.996208
MA,TN,1442.592989
MA,TX,2713.777714
MA,UT,3349.973331
MA,VT,212.733776
MA,VA,799.405759
MA,WA,3825.143747
MA,WV,848.237720
MA,WI,1492.198794
MA,WY,2910.894694
MI,AL,1289.939177
MI,AK,4602.946864
MI,AZ,2509.933374
MI,AR,1209.716563
MI,CA,2960.093493
MI,CO,1773.531655
MI,CT,1076.534075
MI,DE,1015.900860
MI,FL,1763.750605
MI,GA,1310.528027
MI,HI,6963.074009
MI,ID,2316.013395
MI,IL,571.220642
MI,IN,499.776273
MI,IA,703.475593
MI,KS,1261.990301
MI,KY,756.545431
MI,LA,1582.667474
MI,ME,1280.756960
MI,MD,926.550104
MI,MA,1126.320664
MI,MI,0.000000
MI,MN,729.409745
MI,MS,1340.694239
MI,MO,888.367932
MI,MT,1902.463515
MI,NE,1213.017074
MI,NV,2635.506537
MI,NH,1110.067300
MI,NJ,997.796870
MI,NM,2088.434095
MI,NY,811.694376
MI,NC,1102.684493
MI,ND,1216.004646
MI,OH,499.889740
MI,OK,1415.386384
MI,OR,2791.039610
MI,PA,733.300102
MI,RI,1166.169805
MI,SC,1221.377656
MI,SD,1178.852462
MI,TN,945.941409
MI,TX,1875.889185
MI,UT,2241.642855
MI,VT,1018.046367
MI,VA,937.059312
MI,WA,2718.188074
MI,WV,748.944777
MI,WI,365.898458
MI,WY,1786.446180
MN,AL,1629.147498
MN,AK,4000.858868
MN,AZ,1980.822581
MN,AR,1274.163909
MN,CA,2311.096801
MN,CO,1224.550528
MN,CT,1801.301832
MN,DE,1735.692568
MN,FL,2216.349323
MN,GA,1775.782101
MN,HI,6271.521847
MN,ID,1602.249476
MN,IL,807.697733
MN,IN,963.485260
MN,IA,471.759426
MN,KS,927.457351
MN,KY,1223.706455
MN,LA,1700.371126
MN,ME,1942.031858
MN,MD,1639.727844
MN,MA,1844.049543
MN,MI,729.409745
MN,MN,0.000000
MN,MS,1555.022299
MN,MO,893.207423
MN,MT,1174.258357
MN,NE,686.796064
MN,NV,1974.143008
MN,NH,1809.031594
MN,NJ,1726.382482
MN,NM,1652.816567
MN,NY,1531.603904
MN,NC,1725.927581
MN,ND,487.231166
MN,OH,1145.517328
MN,OK,1217.066068
MN,OR,2072.838424
MN,PA,1458.384609
MN,RI,1888.211522
MN,SC,1781.459666
MN,SD,506.639579
MN,TN,1335.075762
MN,TX,1699.506548
MN,UT,1613.294166
MN,VT,1713.192702
MN,VA,1604.687658
MN,WA,1988.839593
MN,WV,1406.185568
MN,WI,384.134741
MN,WY,1110.910948
MS,AL,266.079359
MS,AK,5462.162500
MS,AZ,2046.576657
MS,AR,351.054739
MS,CA,2754.467272
MS,CO,1590.502285
MS,CT,1793.619648
MS,DE,1452.803281
MS,FL,827.624189
MS,GA,583.807158
MS,HI,6685.403190
MS,ID,2513.000110
MS,IL,811.741056
MS,IN,850.296458
MS,IA,1090.142778
MS,KS,1014.588249
MS,KY,664.405267
MS,LA,287.599964
MS,ME,2245.397592
MS,MD,1355.570312
MS,MA,1894.148657
MS,MI,1340.694239
MS,MN,1555.022299
MS,MS,0.000000
MS,MO,672.837964
MS,MT,2320.144540
MS,NE,1326.151848
MS,NV,2526.944220
MS,NH,1988.763598
MS,NJ,1574.896808
MS,NM,1536.306175
MS,NY,1679.495546
MS,NC,997.742048
MS,ND,1871.214312
MS,OH,1038.965416
MS,OK,787.660166
MS,OR,2950.104739
MS,PA,1389.768063
MS,RI,1883.358687
MS,SC,826.837398
MS,SD,1589.282609
MS,TN,461.635174
MS,TX,922.379500
MS,UT,2106.356866
MS,VT,1939.305073
MS,VA,1118.463734
MS,WA,3058.361660
MS,WV,1047.625505
MS,WI,1319.978209
MS,WY,1935.611608
MO,AL,801.706307
MO,AK,4799.998639
MO,AZ,1779.233352
MO,AR,384.270963
MO,CA,2374.944161
MO,CO,1140.290328
MO,CT,1719.622478
MO,DE,1474.848490
MO,FL,1422.411488
MO,GA,1034.056497
MO,HI,6392.844518
MO,ID,1962.469974
MO,IL,338.154676
MO,IN,560.564063
MO,IA,422.235073
MO,KS,517.294823
MO,KY,635.395418
MO,LA,809.564809
MO,ME,2069.635194
MO,MD,1363.297857
MO,MA,1803.179187
MO,MI,888.367932
MO,MN,893.207423
MO,MS,672.837964
MO,MO,0.000000
MO,MT,1700.867240
MO,NE,719.296443
MO,NV,2095.182751
MO,NH,1846.889788
MO,NJ,1545.504608
MO,NM,1299.643890
MO,NY,1516.926627
MO,NC,1203.672513
MO,ND,1201.940667
MO,OH,859.974751
MO,OK,543.410444
MO,OR,2425.972172
MO,PA,1287.779520
MO,RI,1817.323925
MO,SC,1150.178874
MO,SD,936.756875
MO,TN,609.404188
MO,TX,987.866861
MO,UT,1668.419182
MO,VT,1771.451384
MO,VA,1198.379269
MO,WA,2479.656055
MO,WV,1032.207709
MO,WI,725.783647
MO,WY,1373.624328
MT,AL,2496.215884
MT,AK,3195.724237
MT,AZ,1429.178830
MT,AR,1970.875947
MT,CA,1362.658873
MT,CO,954.499761
MT,CT,2975.482030
MT,DE,2896.059195
MT,FL,3118.588047
MT,GA,2732.421185
MT,HI,5143.345479
MT,ID,490.313740
MT,IL,1818.787697
MT,IN,2040.037503
MT,IA,1392.848141
MT,KS,1321.080061
MT,KY,2254.798385
MT,LA,2329.450151
MT,ME,3087.713444
MT,MD,2795.341242
MT,MA,3016.645807
MT,MI,1902.463515
MT,MN,1174.258357
MT,MS,2320.144540
MT,MO,1700.867240
MT,MT,0.000000
MT,NE,994.698025
MT,NV,1028.550910
MT,NH,2974.752881
MT,NJ,2896.401158
MT,NM,1435.024041
MT,NY,2705.184283
MT,NC,2812.296751
MT,ND,694.956775
MT,OH,2277.982694
MT,OK,1625.042029
MT,OR,920.644683
MT,PA,2625.186275
MT,RI,3061.900601
MT,SC,2815.664580
MT,SD,786.673597
MT,TN,2294.970047
MT,TX,1940.542247
MT,UT,876.384932
MT,VT,2878.035284
MT,VA,2728.110984
MT,WA,819.274467
MT,WV,2530.708182
MT,WI,1545.148596
MT,WY,479.748141
NE,AL,1504.071687
NE,AK,4154.812663
NE,AZ,1316.505429
NE,AR,978.229469
NE,CA,1758.748979
NE,CO,564.634587
NE,CT,2247.941630
NE,DE,2078.503626
NE,FL,2126.019461
NE,GA,1752.612836
NE,HI,5780.801001
NE,ID,1247.134777
NE,IL,909.221177
NE,IN,1155.079698
NE,IA,526.730276
NE,KS,358.916389
NE,KY,1320.838126
NE,LA,1355.081778
NE,ME,2493.699986
NE,MD,1969.258304
NE,MA,2313.312214
NE,MI,1213.017074
NE,MN,686.796064
NE,MS,1326.151848
NE,MO,719.296443
NE,MT,994.698025
NE,NE,0.000000
NE,NV,1447.052336
NE,NH,2316.054740
NE,NJ,2115.795006
NE,NM,966.083255
NE,NY,2002.068144
NE,NC,1893.277619
NE,ND,659.139848
NE,OH,1436.695381
NE,OK,690.067630
NE,OR,1716.291853
NE,PA,1841.232944
NE,RI,2343.362354
NE,SC,1862.852337
NE,SD,324.797571
NE,TN,1326.553735
NE,TX,1117.349051
NE,UT,1036.903468
NE,VT,2226.686834
NE,VA,1849.804657
NE,WA,1760.566944
NE,WV,1662.745638
NE,WI,867.929358
NE,WY,659.806841
NV,AL,2767.885625
NV,AK,3602.480508
NV,AZ,714.872389
NV,AR,2198.386846
NV,CA,344.053501
NV,CO,958.012341
NV,CT,3691.383273
NV,DE,3523.477402
NV,FL,3349.870083
NV,GA,3064.956529
NV,HI,4334.591873
NV,ID,582.382902
NV,IL,2345.473848
NV,IN,2594.437708
NV,IA,1972.632432
NV,KS,1582.990050
NV,KY,2729.051236
NV,LA,2413.432385
NV,ME,3904.072654
NV,MD,3413.551318
NV,MA,3753.144442
NV,MI,2635.506537
NV,MN,1974.143008
NV,MS,2526.944220
NV,MO,2095.182751
NV,MT,1028.550910
NV,NE,1447.052336
NV,NV,0.000000
NV,NH,3745.566315
NV,NJ,3562.845058
NV,NM,1084.262626
NV,NY,3439.746785
NV,NC,3298.836647
NV,ND,1585.436779
NV,OH,2881.869579
NV,OK,1739.596278
NV,OR,606.980111
NV,PA,3288.191848
NV,RI,3785.925078
NV,SC,3230.689590
NV,SD,1472.007194
NV,TN,2689.055327
NV,TX,1792.409748
NV,UT,427.772684
NV,VT,3653.309718
NV,VA,3280.913550
NV,WA,946.416722
NV,WV,3100.051141
NV,WI,2273.409641
NV,WY,863.364477
NH,AL,1796.393866
NH,AK,5325.768914
NH,AZ,3587.801501
NH,AR,2038.968872
NH,CA,4069.262819
NH,CO,2869.490119
NH,CT,247.235518
NH,DE,615.693944
NH,FL,1931.334165
NH,GA,1603.443380
NH,HI,8071.413963
NH,ID,3411.061971
NH,IL,1514.134437
NH,IN,1290.201775
NH,IA,1794.081329
NH,KS,2313.150511
NH,KY,1344.373385
NH,LA,2275.899664
NH,ME,264.133594
NH,MD,673.417467
NH,MA,158.934736
NH,MI,1110.067300
NH,MN,1809.031594
NH,MS,1988.763598
NH,MO,1846.889788
NH,MT,2974.752881
NH,NE,2316.054740
NH,NV,3745.566315
NH,NH,0.000000
NH,NJ,464.667456
NH,NM,3135.197626
NH,NY,330.064459
NH,NC,1122.718229
NH,ND,2279.797805
NH,OH,1001.734875
NH,OK,2386.616156
NH,OR,3881.588998
NH,PA,599.761647
NH,RI,222.659434
NH,SC,1350.704540
NH,SD,2284.925621
NH,TN,1531.141314
NH,TX,2781.360413
NH,UT,3349.595052
NH,VT,97.267647
NH,VA,919.393847
NH,WA,3776.082076
NH,WV,942.006199
NH,WI,1473.629621
NH,WY,2894.846241
NJ,AL,1362.688035
NJ,AK,5496.162706
NJ,AZ,3322.359370
NJ,AR,1673.187616
NJ,CA,3870.529947
NJ,CO,2642.013571
NJ,CT,228.306697
NJ,DE,151.304802
NJ,FL,1466.724081
NJ,GA,1147.876229
NJ,HI,7895.900182
NJ,ID,3294.114254
NJ,IL,1236.855442
NJ,IN,990.544465
NJ,IA,1590.999998
NJ,KS,2046.320111
NJ,KY,967.794913
NJ,LA,1862.052203
NJ,ME,726.543440
NJ,MD,221.289475
NJ,MA,332.347773
NJ,MI,997.796870
NJ,MN,1726.382482
NJ,MS,1574.896808
NJ,MO,1545.504608
NJ,MT,2896.401158
NJ,NE,2115.795006
NJ,NV,3562.845058
NJ,NH,464.667456
NJ,NJ,0.000000
NJ,NM,2844.532505
NJ,NY,315.034897
NJ,NC,660.644105
NJ,ND,2213.446157
NJ,OH,690.894578
NJ,OK,2065.044805
NJ,OR,3771.535962
NJ,PA,275.675338
NJ,RI,309.983362
NJ,SC,888.980603
NJ,SD,2149.450799
NJ,TN,1131.280004
NJ,TX,2418.201422
NJ,UT,3149.325212
NJ,VT,461.568964
NJ,VA,468.413449
NJ,WA,3713.966655
NJ,WV,540.372629
NJ,WI,1351.362690
NJ,WY,2741.253145
NM,AL,1796.329961
NM,AK,4533.048197
NM,AZ,510.605525
NM,AR,1253.379582
NM,CA,1244.905330
NM,CO,511.863024
NM,CT,3018.317021
NM,DE,2768.480206
NM,FL,2330.849245
NM,GA,2110.636611
NM,HI,5156.990738
NM,ID,1323.157741
NM,IL,1622.938310
NM,IN,1859.184723
NM,IA,1391.863066
NM,KS,827.852996
NM,KY,1904.724017
NM,LA,1372.515851
NM,ME,3344.912571
NM,MD,2657.350288
NM,MA,3099.986351
NM,MI,2088.434095
NM,MN,1652.816567
NM,MS,1536.306175
NM,MO,1299.643890
NM,MT,1435.024041
NM,NE,966.083255
NM,NV,1084.262626
NM,NH,3135.197626
NM,NJ,2844.532505
NM,NM,0.000000
NM,NY,2806.796716
NM,NC,2436.074453
NM,ND,1523.471976
NM,OH,2159.324961
NM,OK,797.340392
NM,OR,1631.844031
NM,PA,2587.156776
NM,RI,3116.057263
NM,SC,2319.784022
NM,SD,1223.362968
NM,TN,1805.219246
NM,TX,712.399869
NM,UT,735.306622
NM,VT,3055.031675
NM,VA,2474.218698
NM,WA,1874.002810
NM,WV,2322.834920
NM,WI,1785.319075
NM,WY,961.553281
NY,AL,1501.911906
NY,AK,5204.099069
NY,AZ,3262.877732
NY,AR,1713.406832
NY,CA,3759.340287
NY,CO,2550.626534
NY,CT,274.200270
NY,DE,440.240720
NY,FL,1706.464040
NY,GA,1338.715158
NY,HI,7771.575796
NY,ID,3126.983642
NY,IL,1184.799144
NY,IN,960.230575
NY,IA,1477.107035
NY,KS,1986.455824
NY,KY,1025.470213
NY,LA,1965.183221
NY,ME,569.591264
NY,MD,445.829603
NY,MA,314.699423
NY,MI,811.694376
NY,MN,1531.603904
NY,MS,1679.495546
NY,MO,1516.926627
NY,MT,2705.184283
NY,NE,2002.068144
NY,NV,3439.746785
NY,NH,330.064459
NY,NJ,315.034897
NY,NM,2806.796716
NY,NY,0.000000
NY,NC,886.101116
NY,ND,2012.570285
NY,OH,673.895213
NY,OK,2056.564275
NY,OR,3601.178564
NY,PA,297.807904
NY,RI,356.729120
NY,SC,1106.663428
NY,SD,1990.302298
NY,TN,1218.719877
NY,TX,2454.056390
NY,UT,3038.178130
NY,VT,262.396855
NY,VA,666.182475
NY,WA,3515.764883
NY,WV,643.429253
NY,WI,1177.546067
NY,WY,2596.327168
NC,AL,751.743868
NC,AK,5696.997592
NC,AZ,2939.385373
NC,AR,1189.880740
NC,CA,3574.643206
NC,CO,2342.987749
NC,CT,888.330554
NC,DE,513.531023
NC,FL,820.384563
NC,GA,494.380122
NC,HI,7580.777463
NC,ID,3136.722170
NC,IL,996.215942
NC,IN,774.976542
NC,IA,1420.360897
NC,KS,1717.919099
NC,KY,573.155818
NC,LA,1273.991154
NC,ME,1386.121591
NC,MD,451.417395
NC,MA,992.155443
NC,MI,1102.684493
NC,MN,1725.927581
NC,MS,997.742048
NC,MO,1203.672513
NC,MT,2812.296751
NC,NE,1893.277619
NC,NV,3298.836647
NC,NH,1122.718229
NC,NJ,660.644105
NC,NM,2436.074453
NC,NY,886.101116
NC,NC,0.000000
NC,ND,2188.480929
NC,OH,604.336083
NC,OK,1639.001684
NC,OR,3608.985701
NC,PA,606.904563
NC,RI,961.903027
NC,SC,228.337656
NC,SD,2026.397306
NC,TN,630.863572
NC,TX,1903.644978
NC,UT,2871.906249
NC,VT,1105.742405
NC,VA,223.320513
NC,WA,3622.728868
NC,WV,359.553006
NC,WI,1351.216735
NC,WY,2552.434218
ND,AL,1994.827369
ND,AK,3600.772188
ND,AZ,1737.133961
ND,AR,1546.459710
ND,CA,1929.114873
ND,CO,1025.268297
ND,CT,2283.984811
ND,DE,2222.262444
ND,FL,2606.311486
ND,GA,2184.207626
ND,HI,5824.948209
ND,ID,1148.702971
ND,IL,1223.073884
ND,IN,1415.276310
ND,IA,812.531896
ND,KS,1009.319325
ND,KY,1658.106534
ND,LA,1957.157285
ND,ME,2395.565002
ND,MD,2125.327314
ND,MA,2323.033875
ND,MI,1216.004646
ND,MN,487.231166
ND,MS,1871.214312
ND,MO,1201.940667
ND,MT,694.956775
ND,NE,659.139848
ND,NV,1585.436779
ND,NH,2279.797805
ND,NJ,2213.446157
ND,NM,1523.471976
ND,NY,2012.570285
ND,NC,2188.480929
ND,ND,0.000000
ND,OH,1622.929339
ND,OK,1340.224906
ND,OR,1608.105301
ND,PA,1945.591254
ND,RI,2369.260326
ND,SC,2223.249168
ND,SD,334.610308
ND,TN,1738.114236
ND,TX,1776.198852
ND,UT,1279.405388
ND,VT,2183.079817
ND,VA,2080.555106
ND,WA,1503.704541
ND,WV,1881.754038
ND,WI,868.487146
ND,WY,744.250434
OH,AL,907.735697
OH,AK,5094.149492
OH,AZ,2632.612134
OH,AR,1040.325809
OH,CA,3184.609534
OH,CO,1953.027680
OH,CT,859.883133
OH,DE,641.823918
OH,FL,1293.371156
OH,GA,850.299618
OH,HI,7211.028251
OH,ID,2644.442330
OH,IL,546.004477
OH,IN,300.599298
OH,IA,919.018131
OH,KS,1355.620516
OH,KY,374.976533
OH,LA,1317.461350
OH,ME,1241.402578
OH,MD,532.764695
OH,MA,945.421643
OH,MI,499.889740
OH,MN,1145.517328
OH,MS,1038.965416
OH,MO,859.974751
OH,MT,2277.982694
OH,NE,1436.695381
OH,NV,2881.869579
OH,NH,1001.734875
OH,NJ,690.894578
OH,NM,2159.324961
OH,NY,673.895213
OH,NC,604.336083
OH,ND,1622.929339
OH,OH,0.000000
OH,OK,1391.295977
OH,OR,3122.013160
OH,PA,427.837085
OH,RI,957.530741
OH,SC,726.648966
OH,SD,1505.007125
OH,TN,582.104598
OH,TX,1780.169493
OH,UT,2464.646489
OH,VT,935.412797
OH,VA,459.259999
OH,WA,3096.465843
OH,WV,261.275438
OH,WI,763.030455
OH,WY,2076.778528
OK,AL,1030.761984
OK,AK,4817.150502
OK,AZ,1301.292176
OK,AR,466.167472
OK,CA,1975.144541
OK,CO,807.645394
OK,CT,2249.796758
OK,DE,1980.928459
OK,FL,1613.329040
OK,GA,1335.669560
OK,HI,5947.656669
OK,ID,1750.923053
OK,IL,881.469409
OK,IN,1096.625305
OK,IA,799.124734
OK,KS,331.862420
OK,KY,1111.739334
OK,LA,716.188815
OK,ME,2612.310080
OK,MD,1870.553574
OK,MA,2336.707859
OK,MI,1415.386384
OK,MN,1217.066068
OK,MS,787.660166
OK,MO,543.410444
OK,MT,1625.042029
OK,NE,690.067630
OK,NV,1739.596278
OK,NH,2386.616156
OK,NJ,2065.044805
OK,NM,797.340392
OK,NY,2056.564275
OK,NC,1639.001684
OK,ND,1340.224906
OK,OH,1391.295977
OK,OK,0.000000
OK,OR,2172.875137
OK,PA,1816.775332
OK,RI,2347.146660
OK,SC,1529.152020
OK,SD,1010.375259
OK,TN,1008.156712
OK,TX,487.043920
OK,UT,1318.772326
OK,VT,2312.867682
OK,VA,1679.750144
OK,WA,2307.575316
OK,WV,1534.875573
OK,WI,1188.510937
OK,WY,1193.724891
OR,AL,3169.681347
OR,AK,2996.363246
OR,AZ,1318.200752
OR,AR,2604.827449
OR,CA,755.129897
OR,CO,1365.957258
OR,CT,3867.556335
OR,DE,3756.508934
OR,FL,3777.125406
OR,GA,3445.633274
OR,HI,4222.775667
OR,ID,477.855293
OR,IL,2618.312799
OR,IN,2857.812959
OR,IA,2206.212142
OR,KS,1948.524841
OR,KY,3037.017138
OR,LA,2879.721776
OR,ME,4003.620182
OR,MD,3651.224232
OR,MA,3914.930840
OR,MI,2791.039610
OR,MN,2072.838424
OR,MS,2950.104739
OR,MO,2425.972172
OR,MT,920.644683
OR,NE,1716.291853
OR,NV,606.980111
OR,NH,3881.588998
OR,NJ,3771.535962
OR,NM,1631.844031
OR,NY,3601.178564
OR,NC,3608.985701
OR,ND,1608.105301
OR,OH,3122.013160
OR,OK,2172.875137
OR,OR,0.000000
OR,PA,3496.837777
OR,RI,3956.869320
OR,SC,3575.688269
OR,SD,1622.368376
OR,TN,3035.227828
OR,TX,2315.603051
OR,UT,900.794869
OR,VT,3785.495356
OR,VA,3555.214719
OR,WA,383.434549
OR,WV,3362.908268
OR,WI,2426.790105
OR,WY,1056.616939
PA,AL,1205.480234
PA,AK,5282.738014
PA,AZ,3059.020971
PA,AR,1446.638559
PA,CA,3597.222578
PA,CO,2370.883918
PA,CT,433.023081
PA,DE,287.094968
PA,FL,1423.256094
PA,GA,1043.126407
PA,HI,7621.846533
PA,ID,3019.286348
PA,IL,970.417206
PA,IN,728.150969
PA,IA,1315.905003
PA,KS,1780.991370
PA,KY,746.397271
PA,LA,1676.620975
PA,ME,855.872211
PA,MD,220.001912
PA,MA,522.609657
PA,MI,733.300102
PA,MN,1458.384609
PA,MS,1389.768063
PA,MO,1287.779520
PA,MT,2625.186275
PA,NE,1841.232944
PA,NV,3288.191848
PA,NH,599.761647
PA,NJ,275.675338
PA,NM,2587.156776
PA,NY,297.807904
PA,NC,606.904563
PA,ND,1945.591254
PA,OH,427.837085
PA,OK,1816.775332
PA,OR,3496.837777
PA,PA,0.000000
PA,RI,530.413413
PA,SC,819.648890
PA,SD,1874.555534
PA,TN,931.405113
PA,TX,2191.583308
PA,UT,2875.711411
PA,VT,551.021500
PA,VA,383.600574
PA,WA,3443.535329
PA,WV,346.694730
PA,WI,1080.225694
PA,WY,2465.582135
RI,AL,1672.670673
RI,AK,5508.934489
RI,AZ,3583.999471
RI,AR,1969.923233
RI,CA,4102.089444
RI,CO,2884.816918
RI,CT,97.743059
RI,DE,448.900991
RI,FL,1751.695517
RI,GA,1453.393957
RI,HI,8119.783493
RI,ID,3482.161511
RI,IL,1495.689743
RI,IN,1256.982357
RI,IA,1816.792459
RI,KS,2305.329203
RI,KY,1265.119532
RI,LA,2170.734153
RI,ME,450.896756
RI,MD,531.257158
RI,MA,68.085742
RI,MI,1166.169805
RI,MN,1888.211522
RI,MS,1883.358687
RI,MO,1817.323925
RI,MT,3061.900601
RI,NE,2343.362354
RI,NV,3785.925078
RI,NH,222.659434
RI,NJ,309.983362
RI,NM,3116.057263
RI,NY,356.729120
RI,NC,961.903027
RI,ND,2369.260326
RI,OH,957.530741
RI,OK,2347.146660
RI,OR,3956.869320
RI,PA,530.413413
RI,RI,0.000000
RI,SC,1189.522102
RI,SD,2343.438925
RI,TN,1436.163579
RI,TX,2715.563768
RI,UT,3380.265399
RI,VT,280.813371
RI,VA,777.757558
RI,WA,3872.335009
RI,WV,842.186835
RI,WI,1531.556035
RI,WY,2947.323582
SC,AL,566.338993
SC,AK,5777.245441
SC,AZ,2828.257490
SC,AR,1066.510936
SC,CA,3492.200814
SC,CO,2272.779266
SC,CT,1116.637695
SC,DE,741.610575
SC,FL,604.475768
SC,GA,276.158917
SC,HI,7475.941356
SC,ID,3109.763892
SC,IL,1003.187173
SC,IN,818.370081
SC,IA,1427.252737
SC,KS,1649.227096
SC,KY,565.554748
SC,LA,1089.337285
SC,ME,1614.260596
SC,MD,678.354111
SC,MA,1220.432669
SC,MI,1221.377656
SC,MN,1781.459666
SC,MS,826.837398
SC,MO,1150.178874
SC,MT,2815.664580
SC,NE,1862.852337
SC,NV,3230.689590
SC,NH,1350.704540
SC,NJ,888.980603
SC,NM,2319.784022
SC,NY,1106.663428
SC,NC,228.337656
SC,ND,2223.249168
SC,OH,726.648966
SC,OK,1529.152020
SC,OR,3575.688269
SC,PA,819.648890
SC,RI,1189.522102
SC,SC,0.000000
SC,SD,2030.117023
SC,TN,542.981345
SC,TX,1747.281353
SC,UT,2802.945740
SC,VT,1332.027007
SC,VA,440.551984
SC,WA,3614.887930
SC,WV,524.770011
SC,WI,1422.516284
SC,WY,2521.417330
SD,AL,1738.461649
SD,AK,3873.256067
SD,AZ,1495.635635
SD,AR,1251.801176
SD,CA,1806.637251
SD,CO,749.359635
SD,CT,2252.068085
SD,DE,2135.200900
SD,FL,2358.703833
SD,GA,1956.929601
SD,HI,5786.565998
SD,ID,1144.734392
SD,IL,1032.130282
SD,IN,1256.089077
SD,IA,606.300643
SD,KS,678.587519
SD,KY,1468.281783
SD,LA,1650.096291
SD,ME,2433.912736
SD,MD,2030.917416
SD,MA,2304.996208
SD,MI,1178.852462
SD,MN,506.639579
SD,MS,1589.282609
SD,MO,936.756875
SD,MT,786.673597
SD,NE,324.797571
SD,NV,1472.007194
SD,NH,2284.925621
SD,NJ,2149.450799
SD,NM,1223.362968
SD,NY,1990.302298
SD,NC,2026.397306
SD,ND,334.610308
SD,OH,1505.007125
SD,OK,1010.375259
SD,OR,1622.368376
SD,PA,1874.555534
SD,RI,2343.438925
SD,SC,2030.117023
SD,SD,0.000000
SD,TN,1515.159875
SD,TX,1441.592652
SD,UT,1106.736286
SD,VT,2190.910672
SD,VA,1948.609907
SD,WA,1597.605150
SD,WV,1752.681150
SD,WI,812.995556
SD,WY,611.564532
TN,AL,344.325725
TN,AK,5329.039945
TN,AZ,2308.846251
TN,AR,563.719358
TN,CA,2954.929593
TN,CO,1731.043780
TN,CT,1343.958497
TN,DE,1020.160531
TN,FL,881.524319
TN,GA,446.094498
TN,HI,6952.311127
TN,ID,2571.665809
TN,IL,527.378054
TN,IN,448.034843
TN,IA,926.582335
TN,KS,1106.708557
TN,KY,208.318491
TN,LA,746.466309
TN,ME,1785.890326
TN,MD,916.596135
TN,MA,1442.592989
TN,MI,945.941409
TN,MN,1335.075762
TN,MS,461.635174
TN,MO,609.404188
TN,MT,2294.970047
TN,NE,1326.553735
TN,NV,2689.055327
TN,NH,1531.141314
TN,NJ,1131.280004
TN,NM,1805.219246
TN,NY,1218.719877
TN,NC,630.863572
TN,ND,1738.114236
TN,OH,582.104598
TN,OK,1008.156712
TN,OR,3035.227828
TN,PA,931.405113
TN,RI,1436.163579
TN,SC,542.981345
TN,SD,1515.159875
TN,TN,0.000000
TN,TX,1296.928358
TN,UT,2261.284301
TN,VT,1479.261450
TN,VA,694.743025
TN,WA,3084.598183
TN,WV,594.481248
TN,WI,1021.291945
TN,WY,1982.860020
TX,AL,1187.869148
TX,AK,5125.204587
TX,AZ,1193.936100
TX,AR,745.640812
TX,CA,1953.807096
TX,CO,1007.617679
TX,CT,2620.204117
TX,DE,2315.009476
TX,FL,1656.443385
TX,GA,1504.550150
TX,HI,5785.995470
TX,ID,1955.135997
TX,IL,1318.579231
TX,IN,1503.122065
TX,IA,1285.606544
TX,KS,783.390481
TX,KY,1450.927603
TX,LA,699.789708
TX,ME,3020.266185
TX,MD,2209.081026
TX,MA,2713.777714
TX,MI,1875.889185
TX,MN,1699.506548
TX,MS,922.379500
TX,MO,987.866861
TX,MT,1940.542247
TX,NE,1117.349051
TX,NV,1792.409748
TX,NH,2781.360413
TX,NJ,2418.201422
TX,NM,712.399869
TX,NY,2454.056390
TX,NC,1903.644978
TX,ND,1776.198852
TX,OH,1780.169493
TX,OK,487.043920
TX,OR,2315.603051
TX,PA,2191.583308
TX,RI,2715.563768
TX,SC,1747.281353
TX,SD,1441.592652
TX,TN,1296.928358
TX,TX,0.000000
TX,UT,1415.906989
TX,VT,2715.245661
TX,VA,1991.641107
TX,WA,2518.840055
TX,WV,1877.904997
TX,WI,1671.149767
TX,WY,1470.172235
UT,AL,2343.969135
UT,AK,3815.507266
UT,AZ,558.320218
UT,AR,1774.059108
UT,CA,721.916645
UT,CO,530.240548
UT,CT,3284.805186
UT,DE,3105.382120
UT,FL,2931.692642
UT,GA,2638.918321
UT,HI,4746.771446
UT,ID,611.278306
UT,IL,1924.841004
UT,IN,2174.261840
UT,IA,1563.541644
UT,KS,1155.348055
UT,KY,2302.899809
UT,LA,2005.346048
UT,ME,3518.591643
UT,MD,2994.950098
UT,MA,3349.973331
UT,MI,2241.642855
UT,MN,1613.294166
UT,MS,2106.356866
UT,MO,1668.419182
UT,MT,876.384932
UT,NE,1036.903468
UT,NV,427.772684
UT,NH,3349.595052
UT,NJ,3149.325212
UT,NM,735.306622
UT,NY,3038.178130
UT,NC,2871.906249
UT,ND,1279.405388
UT,OH,2464.646489
UT,OK,1318.772326
UT,OR,900.794869
UT,PA,2875.711411
UT,RI,3380.265399
UT,SC,2802.945740
UT,SD,1106.736286
UT,TN,2261.284301
UT,TX,1415.906989
UT,UT,0.000000
UT,VT,3258.969111
UT,VA,2857.220265
UT,WA,1143.753582
UT,WV,2678.283259
UT,WI,1884.803086
UT,WY,536.052127
VT,AL,1755.748236
VT,AK,5239.724536
VT,AZ,3503.691486
VT,AR,1975.420129
VT,CA,3978.031039
VT,CO,2781.877699
VT,CT,271.860155
VT,DE,611.746457
VT,FL,1921.760332
VT,GA,1576.957179
VT,HI,7977.472310
VT,ID,3315.371907
VT,IL,1436.686710
VT,IN,1218.058555
VT,IA,1706.267643
VT,KS,2231.123209
VT,KY,1287.477294
VT,LA,2225.546126
VT,ME,307.287644
VT,MD,654.373600
VT,MA,212.733776
VT,MI,1018.046367
VT,MN,1713.192702
VT,MS,1939.305073
VT,MO,1771.451384
VT,MT,2878.035284
VT,NE,2226.686834
VT,NV,3653.309718
VT,NH,97.267647
VT,NJ,461.568964
VT,NM,3055.031675
VT,NY,262.396855
VT,NC,1105.742405
VT,ND,2183.079817
VT,OH,935.412797
VT,OK,2312.867682
VT,OR,3785.495356
VT,PA,551.021500
VT,RI,280.813371
VT,SC,1332.027007
VT,SD,2190.910672
VT,TN,1479.261450
VT,TX,2715.245661
VT,UT,3258.969111
VT,VT,0.000000
VT,VA,894.578689
VT,WA,3678.946215
VT,WV,897.400224
VT,WI,1380.496105
VT,WY,2801.266950
VA,AL,896.562715
VA,AK,5539.950419
VA,AZ,2968.475871
VA,AR,1255.058863
VA,CA,3570.116500
VA,CO,2333.687758
VA,CT,695.624077
VA,DE,335.322330
VA,FL,1041.415865
VA,GA,684.072671
VA,HI,7591.070612
VA,ID,3079.094692
VA,IL,940.583599
VA,IN,697.425393
VA,IA,1349.866406
VA,KS,1715.068581
VA,KY,569.877645
VA,LA,1403.809113
VA,ME,1183.519530
VA,MD,248.067113
VA,MA,799.405759
VA,MI,937.059312
VA,MN,1604.687658
VA,MS,1118.463734
VA,MO,1198.379269
VA,MT,2728.110984
VA,NE,1849.804657
VA,NV,3280.913550
VA,NH,919.393847
VA,NJ,468.413449
VA,NM,2474.218698
VA,NY,666.182475
VA,NC,223.320513
VA,ND,2080.555106
VA,OH,459.259999
VA,OK,1679.750144
VA,OR,3555.214719
VA,PA,383.600574
VA,RI,777.757558
VA,SC,440.551984
VA,SD,1948.609907
VA,TN,694.743025
VA,TX,1991.641107
VA,UT,2857.220265
VA,VT,894.578689
VA,VA,0.000000
VA,WA,3544.880298
VA,WV,198.805381
VA,WI,1222.258891
VA,WY,2502.511520
WA,AL,3257.625615
WA,AK,2677.808133
WA,AZ,1630.990473
WA,AR,2707.689774
WA,CA,1135.676991
WA,CO,1523.586506
WA,CT,3787.577813
WA,DE,3715.223916
WA,FL,3876.389113
WA,GA,3513.159709
WA,HI,4413.711677
WA,ID,564.341914
WA,IL,2626.799396
WA,IN,2853.693778
WA,IA,2202.574727
WA,KS,2043.788083
WA,KY,3059.372789
WA,LA,3023.637941
WA,ME,3874.098623
WA,MD,3614.615451
WA,MA,3825.143747
WA,MI,2718.188074
WA,MN,1988.839593
WA,MS,3058.361660
WA,MO,2479.656055
WA,MT,819.274467
WA,NE,1760.566944
WA,NV,946.416722
WA,NH,3776.082076
WA,NJ,3713.966655
WA,NM,1874.002810
WA,NY,3515.764883
WA,NC,3622.728868
WA,ND,1503.704541
WA,OH,3096.465843
WA,OK,2307.575316
WA,OR,383.434549
WA,PA,3443.535329
WA,RI,3872.335009
WA,SC,3614.887930
WA,SD,1597.605150
WA,TN,3084.598183
WA,TX,2518.840055
WA,UT,1143.753582
WA,VT,3678.946215
WA,VA,3544.880298
WA,WA,0.000000
WA,WV,3348.011698
WA,WI,2363.310463
WA,WY,1122.750815
WV,AL,858.803032
WV,AK,5350.479037
WV,AZ,2810.258222
WV,AR,1133.179384
WV,CA,3394.279023
WV,CO,2158.228292
WV,CT,749.512200
WV,DE,446.099999
WV,FL,1123.107783
WV,GA,712.853042
WV,HI,7418.767884
WV,ID,2886.197813
WV,IL,754.992320
WV,IN,507.687980
WV,IA,1156.714806
WV,KS,1545.271584
WV,KY,428.422290
WV,LA,1335.106921
WV,ME,1201.048863
WV,MD,335.778641
WV,MA,848.237720
WV,MI,748.944777
WV,MN,1406.185568
WV,MS,1047.625505
WV,MO,1032.207709
WV,MT,2530.708182
WV,NE,1662.745638
WV,NV,3100.051141
WV,NH,942.006199
WV,NJ,540.372629
WV,NM,2322.834920
WV,NY,643.429253
WV,NC,359.553006
WV,ND,1881.754038
WV,OH,261.275438
WV,OK,1534.875573
WV,OR,3362.908268
WV,PA,346.694730
WV,RI,842.186835
WV,SC,524.770011
WV,SD,1752.681150
WV,TN,594.481248
WV,TX,1877.904997
WV,UT,2678.283259
WV,VT,897.400224
WV,VA,198.805381
WV,WA,3348.011698
WV,WV,0.000000
WV,WI,1024.170192
WV,WY,2312.159180
WI,AL,1343.130753
WI,AK,4355.127376
WI,AZ,2180.075749
WI,AR,1100.415957
WI,CA,2600.626333
WI,CO,1432.441104
WI,CT,1441.183246
WI,DE,1354.251292
WI,FL,1896.678504
WI,GA,1446.111221
WI,HI,6598.157422
WI,ID,1951.110281
WI,IL,513.252197
WI,IN,608.025048
WI,IA,400.951118
WI,KS,975.232968
WI,KY,880.155494
WI,LA,1514.731105
WI,ME,1633.815560
WI,MD,1256.840177
WI,MA,1492.198794
WI,MI,365.898458
WI,MN,384.134741
WI,MS,1319.978209
WI,MO,725.783647
WI,MT,1545.148596
WI,NE,867.929358
WI,NV,2273.409641
WI,NH,1473.629621
WI,NJ,1351.362690
WI,NM,1785.319075
WI,NY,1177.546067
WI,NC,1351.216735
WI,ND,868.487146
WI,OH,763.030455
WI,OK,1188.510937
WI,OR,2426.790105
WI,PA,1080.225694
WI,RI,1531.556035
WI,SC,1422.516284
WI,SD,812.995556
WI,TN,1021.291945
WI,TX,1671.149767
WI,UT,1884.803086
WI,VT,1380.496105
WI,VA,1222.258891
WI,WA,2363.310463
WI,WV,1024.170192
WI,WI,0.000000
WI,WY,1421.396032
WY,AL,2137.780615
WY,AK,3655.980145
WY,AZ,1031.770390
WY,AR,1584.982644
WY,CA,1202.163229
WY,CO,474.925015
WY,CT,2854.636219
WY,DE,2716.012086
WY,FL,2754.813774
WY,GA,2401.440826
WY,HI,5176.763892
WY,ID,588.851599
WY,IL,1563.448795
WY,IN,1805.363943
WY,IA,1157.822757
WY,KS,921.049628
WY,KY,1980.403826
WY,LA,1908.971351
WY,ME,3045.438176
WY,MD,2608.727495
WY,MA,2910.894694
WY,MI,1786.446180
WY,MN,1110.910948
WY,MS,1935.611608
WY,MO,1373.624328
WY,MT,479.748141
WY,NE,659.806841
WY,NV,863.364477
WY,NH,2894.846241
WY,NJ,2741.253145
WY,NM,961.553281
WY,NY,2596.327168
WY,NC,2552.434218
WY,ND,744.250434
WY,OH,2076.778528
WY,OK,1193.724891
WY,OR,1056.616939
WY,PA,2465.582135
WY,RI,2947.323582
WY,SC,2521.417330
WY,SD,611.564532
WY,TN,1982.860020
WY,TX,1470.172235
WY,UT,536.052127
WY,VT,2801.266950
WY,VA,2502.511520
WY,WA,1122.750815
WY,WV,2312.159180
WY,WI,1421.396032
WY,WY,0.000000
